PatientName,Birthdate,TimeAdmitted,DateAdmitted,TimeChecked,DateChecked,ISS,Checks
Max Corgi,01-28-2024,0834,10-15-2025,0902,10-15-2025,3,1
Bella Corgi,06-08-2022,1742,10-11-2025,0917,10-14-2025,2,2
Charlie Corgi,12-06-2023,2249,10-12-2025,0921,10-15-2025,11,2
Luna Corgi,07-21-2023,0143,10-14-2025,0936,10-15-2025,7,1
Cooper Corgi,08-13-2022,0552,10-16-2025,0948,10-16-2025,9,1
Daisy Corgi,10-06-2019,2015,09-20-2025,0955,10-17-2025,22,12
Rocky Corgi,07-12-2018,1659,10-13-2025,1009,10-14-2025,8,2
Sadie Corgi,02-14-2022,0931,10-11-2025,1013,10-16-2025,14,3
Buddy Corgi,03-30-2022,1306,10-12-2025,1026,10-14-2025,6,2
Molly Corgi,11-11-2019,0438,10-10-2025,1037,10-15-2025,18,3
Duke Corgi,06-05-2017,2351,10-17-2025,1045,10-17-2025,32,1
Zoey Corgi,04-02-2020,1924,09-30-2025,1058,10-17-2025,20,13
Finn Corgi,02-09-2020,0753,10-13-2025,1102,10-14-2025,2,1
Ruby Corgi,05-30-2020,1125,09-18-2025,1115,10-17-2025,27,15
Milo Corgi,12-12-2017,1449,10-12-2025,1128,10-16-2025,6,2
Chloe Corgi,04-15-2021,0710,10-11-2025,1136,10-14-2025,9,2
Teddy Corgi,06-10-2025,1536,10-16-2025,1143,10-16-2025,1,1
Penny Corgi,11-26-2023,0058,09-25-2025,1157,10-17-2025,18,13
Scout Corgi,09-14-2024,1007,10-15-2025,1205,10-15-2025,7,1
Rosie Corgi,06-16-2017,2102,10-14-2025,1219,10-15-2025,2,1
Bear Corgi,10-20-2021,1826,10-13-2025,1223,10-14-2025,11,2
Nala Corgi,03-24-2025,0529,10-15-2025,1237,10-15-2025,6,1
Leo Corgi,01-11-2021,2203,10-11-2025,1244,10-14-2025,7,2
Roxy Corgi,01-16-2024,1133,10-16-2025,1252,10-16-2025,3,1
Winston Corgi,06-23-2022,1342,10-14-2025,1308,10-14-2025,1,1
Olive Corgi,08-31-2020,1738,09-19-2025,1314,10-17-2025,56,29
Baxter Corgi,12-03-2022,1605,10-17-2025,1320,10-17-2025,29,1
Annie Corgi,03-17-2022,1230,10-13-2025,1335,10-17-2025,14,4
Jax Corgi,05-02-2021,1912,10-11-2025,1341,10-15-2025,5,3
Lily Corgi,05-28-2019,0604,10-15-2025,1354,10-16-2025,7,2
Bruno Corgi,07-15-2023,0109,10-16-2025,1400,10-17-2025,4,1
Ginger Corgi,01-03-2018,0859,09-29-2025,1409,10-17-2025,31,16
Apollo Corgi,06-21-2025,1201,10-13-2025,1417,10-14-2025,1,1
Pepper Corgi,10-11-2018,1432,10-11-2025,1432,10-16-2025,12,4
Toby Corgi,07-01-2020,0925,09-24-2025,1445,10-17-2025,19,19
Layla Corgi,02-06-2020,1837,10-17-2025,1459,10-17-2025,13,1
Blue Corgi,04-22-2023,0721,10-14-2025,1503,10-17-2025,8,3
Hazel Corgi,06-08-2018,1950,10-16-2025,1511,10-16-2025,3,1
Loki Corgi,03-01-2019,0004,10-13-2025,1525,10-15-2025,5,2
Honey Corgi,09-10-2022,1516,10-15-2025,1537,10-17-2025,7,2
Zeus Corgi,12-07-2016,0622,10-11-2025,1548,10-17-2025,14,5
Cleo Corgi,04-09-2023,1038,10-14-2025,1555,10-15-2025,3,1
Archie Corgi,01-23-2021,0111,10-12-2025,1604,10-16-2025,8,3
Poppy Corgi,07-06-2020,0944,09-22-2025,1613,10-17-2025,42,26
Cash Corgi,11-18-2020,2045,10-17-2025,1622,10-17-2025,18,1
Trixie Corgi,05-05-2018,2322,10-16-2025,1630,10-17-2025,23,2
Diesel Corgi,06-26-2019,1355,10-11-2025,1642,10-14-2025,4,2
Maple Corgi,10-12-2016,1240,10-13-2025,1650,10-14-2025,3,2
Ozzy Corgi,11-03-2024,1423,10-15-2025,1659,10-17-2025,9,2
Mocha Corgi,10-04-2020,0307,09-27-2025,0905,10-16-2025,22,13
Henry Corgi,09-19-2024,1709,10-12-2025,0912,10-14-2025,7,2
Millie Corgi,04-19-2019,0912,10-14-2025,0927,10-16-2025,5,2
Gemini Corgi,03-07-2024,1544,10-11-2025,0941,10-14-2025,3,2
Lulu Corgi,01-09-2020,1832,10-17-2025,0950,10-17-2025,36,1
Gunner Corgi,11-13-2023,0216,09-23-2025,1002,10-17-2025,46,25
Ivy Corgi,09-05-2018,0033,10-15-2025,1017,10-17-2025,11,3
Remy Corgi,08-03-2019,0702,10-13-2025,1025,10-17-2025,12,4
Gigi Corgi,02-19-2022,1002,09-28-2025,1031,10-17-2025,29,12
Louie Corgi,01-12-2017,1441,10-12-2025,1043,10-15-2025,15,3
Belle Corgi,08-24-2025,1757,10-14-2025,1050,10-15-2025,3,1
Murphy Corgi,07-04-2024,0823,10-16-2025,1107,10-17-2025,1,1
Sassy Corgi,12-25-2020,2150,10-13-2025,1119,10-15-2025,4,2
Rocco Corgi,06-28-2016,0419,09-21-2025,1122,10-17-2025,35,18
Cookie Corgi,05-08-2024,2125,10-11-2025,1133,10-15-2025,5,2
Marley Corgi,01-05-2019,0951,10-12-2025,1147,10-17-2025,4,3
Dixie Corgi,09-16-2020,0018,10-17-2025,1151,10-17-2025,14,1
King Corgi,05-23-2017,1630,10-14-2025,1208,10-16-2025,6,2
Angel Corgi,09-12-2021,0408,10-15-2025,1214,10-15-2025,5,1
Hunter Corgi,07-10-2021,1510,10-13-2025,1229,10-16-2025,4,2
Misty Corgi,10-22-2023,0536,09-26-2025,1235,10-17-2025,41,24
Kobe Corgi,12-01-2024,1934,10-11-2025,1249,10-15-2025,24,3
Maddie Corgi,10-09-2020,0610,10-17-2025,1302,10-17-2025,37,1
Ranger Corgi,06-02-2020,1745,10-12-2025,1311,10-14-2025,8,2
Bambi Corgi,12-18-2021,0842,10-14-2025,1325,10-17-2025,13,2
Tank Corgi,04-17-2024,0255,10-16-2025,1332,10-16-2025,4,1
Tinker Corgi,08-05-2025,1919,09-17-2025,1348,10-17-2025,57,30
Rufus Corgi,09-09-2016,1325,10-13-2025,1357,10-17-2025,7,3
Snickers Corgi,06-18-2023,1333,10-11-2025,1406,10-14-2025,6,2
Shadow Corgi,01-27-2018,1523,10-15-2025,1411,10-15-2025,9,1
Pebbles Corgi,10-31-2022,1846,10-17-2025,1420,10-17-2025,21,1
Rusty Corgi,08-10-2020,2121,10-12-2025,1435,10-14-2025,6,2
Tasha Corgi,05-16-2025,2307,10-16-2025,1440,10-16-2025,11,1
Blaze Corgi,03-03-2019,0128,10-14-2025,1453,10-16-2025,12,2
Dolly Corgi,11-23-2016,2031,10-11-2025,1507,10-16-2025,6,3
Axel Corgi,03-19-2018,2344,09-21-2025,1515,10-17-2025,40,22
Gracie Corgi,08-01-2023,1455,10-13-2025,1522,10-14-2025,3,2
Jet Corgi,09-25-2025,0629,10-12-2025,1530,10-14-2025,3,2
Minnie Corgi,04-01-2017,0800,10-17-2025,1542,10-17-2025,19,1
Bandit Corgi,10-01-2022,0311,09-19-2025,1550,10-17-2025,37,17
Pumpkin Corgi,05-01-2016,1049,10-15-2025,1609,10-16-2025,6,2
Chance Corgi,01-19-2023,0543,10-14-2025,1617,10-15-2025,4,1
Anakin Corgi,07-29-2017,1021,10-13-2025,1626,10-14-2025,3,1
Kenobi Corgi,02-11-2018,2242,10-12-2025,1638,10-15-2025,8,2
Cupcake Corgi,09-20-2023,1805,10-16-2025,1645,10-16-2025,12,1
Moose Corgi,03-10-2017,0707,10-11-2025,1654,10-15-2025,7,3
Bags Corgi,06-07-2025,1622,10-17-2025,0909,10-17-2025,23,1
Benny Corgi,08-07-2016,2004,09-25-2025,0915,10-16-2025,33,17
Zola Corgi,09-04-2022,0739,10-13-2025,0930,10-15-2025,7,2
Odin Corgi,02-27-2021,0051,10-12-2025,1005,10-16-2025,6,3
Freya Corgi,12-10-2020,1404,10-14-2025,1040,10-15-2025,5,1